income,sqft,constant,sqft_fit,fam_size,sqft_fit2
45,1700,1,1592.93791399,1,1688.67392537
55,2000,1,1888.75526244,2,1885.61484375
110,3600,1,3515.75067891,3,3562.47404306
115,3800,1,3663.65935313,2,3858.83921833
155,4500,1,4846.92874693,5,4778.53270255
190,6000,1,5882.2894665,6,5797.65044367
33,1300,1,1237.95709585,2,1162.09923973
24,700,1,971.721482248,1,866.115583546
